{
  "IcoMoonType": "selection",
  "icons": [
    {
      "icon": {
        "paths": [
          "M304 608c0 114.876 93.124 208 208 208s208-93.124 208-208-93.124-208-208-208-208 93.124-208 208zM960 256h-224c-16-64-32-128-96-128h-256c-64 0-80 64-96 128h-224c-35.2 0-64 28.8-64 64v576c0 35.2 28.8 64 64 64h896c35.2 0 64-28.8 64-64v-576c0-35.2-28.8-64-64-64zM512 892c-156.85 0-284-127.148-284-284 0-156.85 127.15-284 284-284 156.852 0 284 127.15 284 284 0 156.852-127.146 284-284 284zM960 448h-128v-64h128v64z"
        ],
        "attrs": [],
        "isMulticolor": false,
        "isMulticolor2": false,
        "tags": [
          "camera",
          "photo",
          "picture",
          "image"
        ],
        "defaultCode": 59663,
        "grid": 16
      },
      "attrs": [],
      "properties": {
        "ligatures": "camera, photo",
        "name": "camera",
        "order": 14,
        "id": 0,
        "prevSize": 32,
        "code": 59663
      },
      "setIdx": 0,
      "setId": 5,
      "iconIdx": 0
    },
    {
      "icon": {
        "paths": [
          "M384 928c0 53.019-42.981 96-96 96s-96-42.981-96-96c0-53.019 42.981-96 96-96s96 42.981 96 96z",
          "M1024 928c0 53.019-42.981 96-96 96s-96-42.981-96-96c0-53.019 42.981-96 96-96s96 42.981 96 96z",
          "M1024 512v-384h-768c0-35.346-28.654-64-64-64h-192v64h128l48.074 412.054c-29.294 23.458-48.074 59.5-48.074 99.946 0 70.696 57.308 128 128 128h768v-64h-768c-35.346 0-64-28.654-64-64 0-0.218 0.014-0.436 0.016-0.656l831.984-127.344z"
        ],
        "attrs": [],
        "isMulticolor": false,
        "isMulticolor2": false,
        "tags": [
          "cart",
          "purchase",
          "ecommerce",
          "shopping"
        ],
        "defaultCode": 59706,
        "grid": 16
      },
      "attrs": [],
      "properties": {
        "ligatures": "cart, purchase",
        "name": "cart",
        "order": 15,
        "id": 1,
        "prevSize": 32,
        "code": 59706
      },
      "setIdx": 0,
      "setId": 5,
      "iconIdx": 1
    },
    {
      "icon": {
        "paths": [
          "M512 0c-176.732 0-320 143.268-320 320 0 320 320 704 320 704s320-384 320-704c0-176.732-143.27-320-320-320zM512 512c-106.040 0-192-85.96-192-192s85.96-192 192-192 192 85.96 192 192-85.96 192-192 192z"
        ],
        "attrs": [],
        "isMulticolor": false,
        "isMulticolor2": false,
        "tags": [
          "location",
          "map-marker",
          "pin"
        ],
        "defaultCode": 59719,
        "grid": 16
      },
      "attrs": [],
      "properties": {
        "ligatures": "location, map-marker",
        "name": "location",
        "order": 16,
        "id": 2,
        "prevSize": 32,
        "code": 59719
      },
      "setIdx": 0,
      "setId": 5,
      "iconIdx": 2
    },
    {
      "icon": {
        "paths": [
          "M512 0c-176.732 0-320 143.268-320 320 0 320 320 704 320 704s320-384 320-704c0-176.732-143.27-320-320-320zM512 516c-108.248 0-196-87.752-196-196s87.752-196 196-196 196 87.752 196 196-87.752 196-196 196zM388 320c0-68.483 55.517-124 124-124s124 55.517 124 124c0 68.483-55.517 124-124 124s-124-55.517-124-124z"
        ],
        "attrs": [],
        "isMulticolor": false,
        "isMulticolor2": false,
        "tags": [
          "location",
          "map-marker",
          "pin"
        ],
        "defaultCode": 59720,
        "grid": 16
      },
      "attrs": [],
      "properties": {
        "ligatures": "location2, map-marker2",
        "name": "location2",
        "order": 17,
        "id": 3,
        "prevSize": 32,
        "code": 59720
      },
      "setIdx": 0,
      "setId": 5,
      "iconIdx": 3
    },
    {
      "icon": {
        "paths": [
          "M992.262 871.396l-242.552-206.294c-25.074-22.566-51.89-32.926-73.552-31.926 57.256-67.068 91.842-154.078 91.842-249.176 0-212.078-171.922-384-384-384-212.076 0-384 171.922-384 384s171.922 384 384 384c95.098 0 182.108-34.586 249.176-91.844-1 21.662 9.36 48.478 31.926 73.552l206.294 242.552c35.322 39.246 93.022 42.554 128.22 7.356s31.892-92.898-7.354-128.22zM384 640c-141.384 0-256-114.616-256-256s114.616-256 256-256 256 114.616 256 256-114.614 256-256 256z"
        ],
        "attrs": [],
        "isMulticolor": false,
        "isMulticolor2": false,
        "tags": [
          "search",
          "magnifier",
          "magnifying-glass",
          "inspect",
          "find"
        ],
        "defaultCode": 59782,
        "grid": 16
      },
      "attrs": [],
      "properties": {
        "ligatures": "search, magnifier",
        "name": "search",
        "order": 22,
        "id": 4,
        "prevSize": 32,
        "code": 59782
      },
      "setIdx": 0,
      "setId": 5,
      "iconIdx": 4
    },
    {
      "icon": {
        "paths": [
          "M576 736.014c0-8.908 3.698-17.77 10.928-24.096l228.478-199.918-228.478-199.918c-13.3-11.636-14.65-31.856-3.010-45.154 11.638-13.3 31.854-14.648 45.154-3.010l256 224c6.944 6.076 10.928 14.854 10.928 24.082s-3.984 18.006-10.928 24.082l-256 224c-13.3 11.638-33.516 10.292-45.154-3.010-5.312-6.070-7.918-13.582-7.918-21.058z"
        ],
        "attrs": [],
        "isMulticolor": false,
        "isMulticolor2": false,
        "tags": [
          "ctrl",
          "control"
        ],
        "defaultCode": 59984,
        "grid": 16
      },
      "attrs": [],
      "properties": {
        "ligatures": "ctrl, control",
        "name": "ctrl2",
        "order": 19,
        "id": 5,
        "prevSize": 32,
        "code": 59986
      },
      "setIdx": 0,
      "setId": 5,
      "iconIdx": 5
    },
    {
      "icon": {
        "paths": [
          "M287.986 576c8.908 0 17.77 3.698 24.096 10.928l199.918 228.478 199.918-228.478c11.636-13.3 31.856-14.65 45.154-3.010 13.3 11.638 14.648 31.854 3.010 45.154l-224 256c-6.076 6.944-14.854 10.928-24.082 10.928s-18.006-3.984-24.082-10.928l-224-256c-11.638-13.3-10.292-33.516 3.010-45.154 6.070-5.312 13.582-7.918 21.058-7.918z"
        ],
        "attrs": [],
        "isMulticolor": false,
        "isMulticolor2": false,
        "tags": [
          "ctrl",
          "control"
        ],
        "defaultCode": 59984,
        "grid": 16
      },
      "attrs": [],
      "properties": {
        "order": 18,
        "id": 6,
        "prevSize": 32,
        "code": 59984,
        "name": "ctrl"
      },
      "setIdx": 0,
      "setId": 5,
      "iconIdx": 6
    },
    {
      "icon": {
        "paths": [
          "M736.014 448c-8.908 0-17.77-3.698-24.096-10.928l-199.918-228.478-199.918 228.478c-11.636 13.3-31.856 14.65-45.154 3.010-13.3-11.638-14.648-31.854-3.010-45.154l224-256c6.076-6.944 14.854-10.928 24.082-10.928s18.006 3.984 24.082 10.928l224 256c11.638 13.3 10.292 33.516-3.010 45.154-6.070 5.312-13.582 7.918-21.058 7.918z"
        ],
        "attrs": [],
        "isMulticolor": false,
        "isMulticolor2": false,
        "tags": [
          "ctrl",
          "control"
        ],
        "defaultCode": 59984,
        "grid": 16
      },
      "attrs": [],
      "properties": {
        "order": 21,
        "id": 7,
        "prevSize": 32,
        "code": 59987,
        "name": "ctrl3"
      },
      "setIdx": 0,
      "setId": 5,
      "iconIdx": 7
    },
    {
      "icon": {
        "paths": [
          "M448 287.986c0 8.908-3.698 17.77-10.928 24.096l-228.478 199.918 228.478 199.918c13.3 11.636 14.65 31.856 3.010 45.154-11.638 13.3-31.854 14.648-45.154 3.010l-256-224c-6.944-6.076-10.928-14.854-10.928-24.082s3.984-18.006 10.928-24.082l256-224c13.3-11.638 33.516-10.292 45.154 3.010 5.312 6.070 7.918 13.582 7.918 21.058z"
        ],
        "attrs": [],
        "isMulticolor": false,
        "isMulticolor2": false,
        "tags": [
          "ctrl",
          "control"
        ],
        "defaultCode": 59984,
        "grid": 16
      },
      "attrs": [],
      "properties": {
        "order": 20,
        "id": 8,
        "prevSize": 32,
        "code": 59985,
        "name": "ctrl22"
      },
      "setIdx": 0,
      "setId": 5,
      "iconIdx": 8
    },
    {
      "icon": {
        "paths": [
          "M1014.662 822.66c-0.004-0.004-0.008-0.008-0.012-0.010l-310.644-310.65 310.644-310.65c0.004-0.004 0.008-0.006 0.012-0.010 3.344-3.346 5.762-7.254 7.312-11.416 4.246-11.376 1.824-24.682-7.324-33.83l-146.746-146.746c-9.148-9.146-22.45-11.566-33.828-7.32-4.16 1.55-8.070 3.968-11.418 7.31 0 0.004-0.004 0.006-0.008 0.010l-310.648 310.652-310.648-310.65c-0.004-0.004-0.006-0.006-0.010-0.010-3.346-3.342-7.254-5.76-11.414-7.31-11.38-4.248-24.682-1.826-33.83 7.32l-146.748 146.748c-9.148 9.148-11.568 22.452-7.322 33.828 1.552 4.16 3.97 8.072 7.312 11.416 0.004 0.002 0.006 0.006 0.010 0.010l310.65 310.648-310.65 310.652c-0.002 0.004-0.006 0.006-0.008 0.010-3.342 3.346-5.76 7.254-7.314 11.414-4.248 11.376-1.826 24.682 7.322 33.83l146.748 146.746c9.15 9.148 22.452 11.568 33.83 7.322 4.16-1.552 8.070-3.97 11.416-7.312 0.002-0.004 0.006-0.006 0.010-0.010l310.648-310.65 310.648 310.65c0.004 0.002 0.008 0.006 0.012 0.008 3.348 3.344 7.254 5.762 11.414 7.314 11.378 4.246 24.684 1.826 33.828-7.322l146.746-146.748c9.148-9.148 11.57-22.454 7.324-33.83-1.552-4.16-3.97-8.068-7.314-11.414z"
        ],
        "tags": [
          "cross",
          "cancel",
          "close",
          "quit",
          "remove"
        ],
        "defaultCode": 59919,
        "grid": 16,
        "attrs": []
      },
      "attrs": [],
      "properties": {
        "ligatures": "cross, cancel",
        "name": "cross",
        "order": 23,
        "id": 272,
        "prevSize": 32,
        "code": 59919
      },
      "setIdx": 4,
      "setId": 1,
      "iconIdx": 271
    }
  ],
  "height": 1024,
  "metadata": {
    "name": "icomoon"
  },
  "preferences": {
    "showGlyphs": true,
    "showQuickUse": true,
    "showQuickUse2": true,
    "showSVGs": true,
    "fontPref": {
      "prefix": "icon-",
      "metadata": {
        "fontFamily": "icomoon"
      },
      "metrics": {
        "emSize": 1024,
        "baseline": 6.25,
        "whitespace": 50
      },
      "embed": false
    },
    "imagePref": {
      "prefix": "icon-",
      "png": true,
      "useClassSelector": true,
      "color": 0,
      "bgColor": 16777215,
      "classSelector": ".icon"
    },
    "historySize": 50,
    "showCodes": true,
    "gridSize": 16
  }
}